{
  "index.html": 1606468429011,
  "manifest.json": 1606469006292,
  "model/models.js": 1606468429015,
  "controller/Suppliers.controller.js": 1606468879466,
  "Component.js": 1606468429011,
  "manifest-bundle.zip": 1606469006073,
  "Component-preload.js": 1606469006268,
  "model/models-dbg.js": 1606468429015,
  "controller/Suppliers-dbg.controller.js": 1606468879466,
  "Component-dbg.js": 1606468429011,
  "resources.json": 1606469006295,
  "view/Suppliers.view.xml": 1606468595028,
  "css/style.css": 1606468429011,
  "i18n/i18n.properties": 1606468429011
}